Job,Experience,Salary Rate
Junior web programmer,1,"35,000"
Junior IT Programmer,1,"15,000"
Junior Programmer,1,"25,000"
Junior programmer,1,"15,000"
Junior Programmer,1,"18,000"
Senior Programmer,4,"20,000"
senior Programmer,1,"25,000"
Senior Game Developer,5,"90,000"
Junior Programmer,1,"25,000"
Senior IT System Analyst,4,"78,000"
Senior game Developer,5,"90,000"
Senior Programmer,5,"30,000"
CICS Developer,2,"35,000"
Senior Analyst Programmer,5,"100,000"
Senior Programmer,2,"23,000"
Sr. Systems Analyst/Programmer,2,"58,000"
Senior Web Programmer,5,"35,000"
Senior Programmer,5,"30,000"
C# Developer,2,"40,000"
Senior SAP ABAP Programmer,7,"100,000"
Senior Analyst Programmer,4,"80,000"
Workday Support Programmer,3,"80,000"
Computer Programmer,1,"30,000"
CNC Programmer,2,"18,000"
Senior Backend Developer,1,"25,000"
Junior Programmer,1,"20,000"
Angular Web Programmer-Junior,2,"22,500"
Senior ABAP Programmer,7,"85,000"
Senior Full Stack .NET Developer,5,"50,489"
Senior WordPress Developer,3,"30,000"
Senior PHP Developer,3,"70,000"
Junior PHP Developer,1,"30,000"
VBA EXCEL MACRO PROGRAMMER,1,"45,000"
Junior Programmer,1,"20,000"
Junior Programmer,1,"20,000"
IT Programmer,1,"45,000"
C# Programmer,1,"25,000"
Senior PHP Developer,5,"80,000"
Senior Web Programmer,5,"35,000"
Junior Programmer,1,"18,000"
Junior Programmer,1,"18,000"
Junior Programmer,2,"30,000"
Junior Programmer,1,"20,000"
Junior IT Programmer,1,"15,000"
Jr. Programmer,1,"20,000"
Jr. Programmer,1,"20,000"
Junior Programmer,2,"20,000"
Programmer,3,"39,000"
Junior Programmer,2,"20,000"
Angular Web Programmer - Junior,2,"22,500"
C# Programmer,1,"25,000"
Senior UI Developer,1,"10,569"
Senior Web Developer,4,"70,000"
Back End Developer Senior,1,"50,000"
Junior Programmer,1,"15,000"
Senior Backend Developer,2,"50,000"
Junior IT Programmer,1,"15,000"
Senior Web Developer,2,"90,000"
NodeJs Developer,3,"75,000"
Web Developer,3,"50,000"
Senior WordPress Developer,5,"60,000"
Front End Developer,5,"110,000"
Computer Programmer,1,"35,000"
System Programmer,1,"28,000"
Analyst Programmer,2,"60,000"
Web Developer,3,"48,000"
Senior Analyst Programmer,5,"180,000"
Analyst Programmer,3,"70,000"
Senior Analyst Programmer,5,"100,000"
CNC Programmer,2,"18,000"
Senior Programmer,2,"23,000"
C# Developer,2,"40,000"
Japanese Senior Web Programmer,5,"90,000"
Sr. Analyst Programmer,4,"80,000"
Workday Support Programmer,3,"80,000"
Sr. SAP ABAP Programmer,5,"100,000"
.Net Developer,3,"80,000"
Senior .Net Developers,4,"80,000"
Senior React Analyst Programmer,4,"90,000"
COMPUTER PROGRAMMER,4,"46,725"
SAP ABAP Programmer,5,"85,000"
Web Developer (PHP),3,"45,000"
Senior Web Developer,2,"60,000"
Senior PHP Developer,3,"100,000"
Web Developer,4,"75,000"
Senior Web Developer,6,"90,000"
Senior Frontend/Fullstack Developer,5,"20,000"
Senior Backend Developer,3,"55,000"
PHP Developer,1,"70,000"
Back End Developer,1,"80,000"
Senior Web Developer,6,"90,000"
Web Developer,3,"48,000"
Senior Python Developer,5,"100,000"
Java Developer,1,"60,000"
Senior Mobile App Developer,5,"200,000"
ASP.Net Developer,1,"100,000"
Senior WordPress Developer,3,"30,000"
FULL-TIME Senior WordPress Developer,3,"84,000"
Jr. Net and SQL Programmer,1,"25,000"
Junior .Net Developer,1,"25,000"
Cobol/CICS Developer,2,"35,000"
Cobol Developer,2,"35,000"
Senior Web Programmer,5,"35,000"
Junior Programmer,1,"25,000"
Mid to Senior Full Stack Developer,3,"80,000"
Remote Python Developer,4,"18,000"
Java Developer,1,"60,000"
Sr. C#.Net Developer,4,"135,000"
PYTHON DEVELOPER,3,"180,000"
C#.NET Developer,5,"150,000"
Web Developer,3,"50,000"
Front End Developer,2,"80,000"
Junior Web Developer,1,"25,000"
Junior Programmer,1,"20,000"
Junior Programmer,2,"30,000"
Junior IT Programmer,1,"15,000"
Senior Web Developer,6,"90,000"
Senior Full Stack .NET Developer (Work From Home),2,"150,000"
Senior Wordpress Developer - (Remote),5,"120,000"
Web Developer (NodeJS),3,"75,000"
SENIOR Software Developer to work from Makati,5,"70,000"
Web Developer,2,"70,000"
Senior Front-End Developer - Work From Home,5,"70,000"
Senior Outsystems Developer,4,"200,000"
"Application Developers (Mid/Sr) - C#, Java, Cobol",3,"80,000"
Senior Web Developer,2,"60,000"
Senior Web Developer REACT,7,"90,000"
Senior Backend Developer,5,"80,000"
Senior Golang Developer,2,"180,000"
Senior Web Developer,2,"70,000"
Jr. Developer / Analyst,4,"10,000"
Junior Database Developer,3,"40,637"
Work From Home - Web Developer,2,"25,000"
Full-Stack Developer,3,"180,000"
Junior Programmer,1,"25,000"
Senior Web Developer,2,"100,000"
Senior PHP Developer,5,"80,000"
Senior Frontend Developer,2,"150,000"
Senior Backend Developer / PHP / Remote (m/f/d),5,"120,000"
Full Stack Developer,5,"80,000"
Senior Database Developer,4,"78,000"
Senior React Developer (Remote),5,"150,000"
Senior VB.NET Winform Desktop Application Developer,5,"63,000"
Senior Web Developer,7,"100,000"
Node. Js Developer,1,"80,000"
ReactJS Developer,1,"60,000"